id,title,slug,difficulty,total_submitted,total_acs,acceptance,paid_only,status
1,Two Sum,two-sum,1,2796392,1086268,0.3884534071045833,False,True
2,Add Two Numbers,add-two-numbers,2,2016833,587893,0.2914931479205269,False,False
3,Longest Substring Without Repeating Characters,longest-substring-without-repeating-characters,2,2308498,577643,0.25022460491627024,False,False
4,Median of Two Sorted Arrays,median-of-two-sorted-arrays,3,1267451,302622,0.23876425992010736,False,False
5,Longest Palindromic Substring,longest-palindromic-substring,2,1454730,372562,0.2561038818199941,False,False
6,ZigZag Conversion,zigzag-conversion,2,831928,237460,0.28543335480955084,False,False
7,Reverse Integer,reverse-integer,1,1958778,478490,0.24427985203019434,False,True
8,String to Integer (atoi),string-to-integer-atoi,2,1883278,266361,0.14143477489781114,False,False
9,Palindrome Number,palindrome-number,1,1024503,392931,0.38353328394353164,False,True
10,Regular Expression Matching,regular-expression-matching,3,935065,228265,0.24411671915856117,False,False
11,Container With Most Water,container-with-most-water,2,620479,239898,0.3866335524651116,False,False
12,Integer to Roman,integer-to-roman,2,347084,165364,0.4764379804312501,False,False
13,Roman to Integer,roman-to-integer,1,568762,281322,0.4946216519387723,False,True
14,Longest Common Prefix,longest-common-prefix,1,1013301,323572,0.3193246626619336,False,True
15,3Sum,3sum,2,1727390,381158,0.2206554397096197,False,False
16,3Sum Closest,3sum-closest,2,615729,200617,0.3258202878214279,False,False
17,Letter Combinations of a Phone Number,letter-combinations-of-a-phone-number,2,730130,277772,0.38044183912453944,False,False
18,4Sum,4sum,2,630303,178288,0.28286078282984534,False,False
19,Remove Nth Node From End of List,remove-nth-node-from-end-of-list,2,860209,289609,0.33667283183505403,False,False
20,Valid Parentheses,valid-parentheses,1,1152070,398418,0.3458279444825401,False,True
21,Merge Two Sorted Lists,merge-two-sorted-lists,1,943141,406374,0.43087300838368814,False,True
22,Generate Parentheses,generate-parentheses,2,489047,245182,0.5013464963490216,False,True
23,Merge k Sorted Lists,merge-k-sorted-lists,3,884916,266653,0.30133142580764727,False,False
24,Swap Nodes in Pairs,swap-nodes-in-pairs,2,586189,239041,0.407788273065513,False,False
25,Reverse Nodes in k-Group,reverse-nodes-in-k-group,3,427188,141754,0.33183048212964783,False,False
26,Remove Duplicates from Sorted Array,remove-duplicates-from-sorted-array,1,1109128,419028,0.37779949654142714,False,False
27,Remove Element,remove-element,1,749966,314649,0.419551019646224,False,False
28,Implement strStr(),implement-strstr,1,1053592,315244,0.29920880188915633,False,True
29,Divide Two Integers,divide-two-integers,2,958391,150810,0.15735748770595717,False,False
30,Substring with Concatenation of All Words,substring-with-concatenation-of-all-words,3,476709,106881,0.224205962127839,False,False
31,Next Permutation,next-permutation,2,595263,174209,0.2926588751526636,False,False
32,Longest Valid Parentheses,longest-valid-parentheses,3,607068,144475,0.23798816607035786,False,False
33,Search in Rotated Sorted Array,search-in-rotated-sorted-array,2,934970,299871,0.3207279377947956,False,False
34,Find First and Last Position of Element in Sorted Array,find-first-and-last-position-of-element-in-sorted-array,2,688364,220363,0.32012568931553653,False,False
35,Search Insert Position,search-insert-position,1,747041,298857,0.40005434775333615,False,False
36,Valid Sudoku,valid-sudoku,2,452778,178207,0.3935858190989845,False,False
37,Sudoku Solver,sudoku-solver,3,305825,102296,0.33449194800948256,False,False
38,Count and Say,count-and-say,1,580935,219876,0.37848640553590335,False,True
39,Combination Sum,combination-sum,2,578155,251743,0.4354247563369685,False,False
40,Combination Sum II,combination-sum-ii,2,455426,171894,0.37743563169428185,False,False
41,First Missing Positive,first-missing-positive,3,578984,154961,0.2676429745899714,False,False
42,Trapping Rain Water,trapping-rain-water,3,506796,198339,0.3913586531858973,False,False
43,Multiply Strings,multiply-strings,2,544106,155946,0.28660959445402184,False,False
44,Wildcard Matching,wildcard-matching,3,649261,139996,0.2156236089954579,False,False
45,Jump Game II,jump-game-ii,3,494490,130148,0.2631964245990819,False,False
46,Permutations,permutations,2,553699,276311,0.4990274499321834,False,False
47,Permutations II,permutations-ii,2,508788,187260,0.36805113328144534,False,False
48,Rotate Image,rotate-image,2,425810,187316,0.4399051220027712,False,False
49,Group Anagrams,group-anagrams,2,575408,236965,0.41182082974167894,False,False
50,"Pow(x, n)",powx-n,2,911242,242054,0.265630864249014,False,False
51,N-Queens,n-queens,3,317160,111546,0.35170261066969355,False,False
52,N-Queens II,n-queens-ii,3,170602,82878,0.4857973529032485,False,False
53,Maximum Subarray,maximum-subarray,1,889208,366354,0.4120003418772661,False,True
54,Spiral Matrix,spiral-matrix,2,600326,169195,0.28183853439631135,False,False
55,Jump Game,jump-game,2,640211,193457,0.3021769385405749,False,False
56,Merge Intervals,merge-intervals,2,718837,237344,0.33017777326431447,False,False
57,Insert Interval,insert-interval,3,477747,141910,0.2970400651390799,False,False
58,Length of Last Word,length-of-last-word,1,663318,212795,0.3208038979795513,False,True
59,Spiral Matrix II,spiral-matrix-ii,2,261546,112424,0.42984408096472515,False,False
60,Permutation Sequence,permutation-sequence,2,370067,113442,0.3065444905922441,False,False
61,Rotate List,rotate-list,2,611044,154982,0.2536347627994056,False,False
62,Unique Paths,unique-paths,2,493259,218771,0.44352155764010387,False,False
63,Unique Paths II,unique-paths-ii,2,475475,154925,0.3258320626741679,False,False
64,Minimum Path Sum,minimum-path-sum,2,404827,173475,0.42851637860122965,False,False
65,Valid Number,valid-number,3,737693,96578,0.13091895951296814,False,False
66,Plus One,plus-one,1,720142,288075,0.4000252727934213,False,False
67,Add Binary,add-binary,1,646738,230729,0.35675806895528017,False,True
68,Text Justification,text-justification,3,370311,77614,0.2095913975010194,False,False
69,Sqrt(x),sqrtx,1,913420,269456,0.29499682511878433,False,False
70,Climbing Stairs,climbing-stairs,1,689034,289524,0.4201882635689966,False,False
71,Simplify Path,simplify-path,2,461627,124686,0.27010118558923113,False,False
72,Edit Distance,edit-distance,3,388896,132783,0.3414357566033078,False,False
73,Set Matrix Zeroes,set-matrix-zeroes,2,426160,160136,0.37576497090294725,False,False
74,Search a 2D Matrix,search-a-2d-matrix,2,515102,177512,0.3446152412531887,False,False
75,Sort Colors,sort-colors,2,627107,250335,0.39919024982977386,False,False
76,Minimum Window Substring,minimum-window-substring,3,611423,171803,0.28098877536500916,False,False
77,Combinations,combinations,2,371973,161381,0.4338513816863052,False,False
78,Subsets,subsets,2,576566,274371,0.4758709323824159,False,True
79,Word Search,word-search,2,711070,205609,0.2891543729871883,False,False
80,Remove Duplicates from Sorted Array II,remove-duplicates-from-sorted-array-ii,2,437191,166526,0.3808998812875837,False,False
81,Search in Rotated Sorted Array II,search-in-rotated-sorted-array-ii,2,416861,135369,0.32473414399524064,False,False
82,Remove Duplicates from Sorted List II,remove-duplicates-from-sorted-list-ii,2,482804,149370,0.30938020397511207,False,False
83,Remove Duplicates from Sorted List,remove-duplicates-from-sorted-list,1,642091,262424,0.40870219330281843,False,False
84,Largest Rectangle in Histogram,largest-rectangle-in-histogram,3,468209,134179,0.286579284037684,False,False
85,Maximal Rectangle,maximal-rectangle,3,313657,96413,0.30738354316976824,False,False
86,Partition List,partition-list,2,391328,135994,0.3475192166162401,False,False
87,Scramble String,scramble-string,3,261784,79232,0.30266173639336247,False,False
88,Merge Sorted Array,merge-sorted-array,1,818681,272029,0.3322771628998352,False,False
89,Gray Code,gray-code,2,265735,115898,0.43614126855702107,False,False
90,Subsets II,subsets-ii,2,415181,164845,0.39704369901320147,False,False
91,Decode Ways,decode-ways,2,943752,197590,0.20936644372674176,False,False
92,Reverse Linked List II,reverse-linked-list-ii,2,476808,154893,0.3248540292948105,False,False
93,Restore IP Addresses,restore-ip-addresses,2,389452,114352,0.29362283413617085,False,False
94,Binary Tree Inorder Traversal,binary-tree-inorder-traversal,2,637879,332556,0.5213465249679015,False,False
95,Unique Binary Search Trees II,unique-binary-search-trees-ii,2,339421,112841,0.3324514393629151,False,False
96,Unique Binary Search Trees,unique-binary-search-trees,2,379810,164207,0.4323398541375951,False,False
97,Interleaving String,interleaving-string,3,353104,91865,0.2601641442747746,False,False
98,Validate Binary Search Tree,validate-binary-search-tree,2,1164343,284320,0.24418921228538326,False,False
99,Recover Binary Search Tree,recover-binary-search-tree,3,303841,98099,0.3228629447638732,False,False
100,Same Tree,same-tree,1,621921,301138,0.48420619339112203,False,False
101,Symmetric Tree,symmetric-tree,1,709034,293448,0.41387013880857615,False,False
102,Binary Tree Level Order Traversal,binary-tree-level-order-traversal,2,621059,276996,0.44600593502388663,False,False
103,Binary Tree Zigzag Level Order Traversal,binary-tree-zigzag-level-order-traversal,2,417728,160207,0.3835198981155202,False,False
104,Maximum Depth of Binary Tree,maximum-depth-of-binary-tree,1,668534,379841,0.568170055674057,False,True
105,Construct Binary Tree from Preorder and Inorder Traversal,construct-binary-tree-from-preorder-and-inorder-traversal,2,451219,164868,0.3653835498948404,False,False
106,Construct Binary Tree from Inorder and Postorder Traversal,construct-binary-tree-from-inorder-and-postorder-traversal,2,342513,122122,0.35654705076887594,False,False
107,Binary Tree Level Order Traversal II,binary-tree-level-order-traversal-ii,1,419247,183279,0.43716234105431884,False,False
108,Convert Sorted Array to Binary Search Tree,convert-sorted-array-to-binary-search-tree,1,429964,200003,0.4651621996260152,False,False
109,Convert Sorted List to Binary Search Tree,convert-sorted-list-to-binary-search-tree,2,387869,144660,0.37296097393707667,False,False
110,Balanced Binary Tree,balanced-binary-tree,1,647786,253898,0.3919473406340983,False,False
111,Minimum Depth of Binary Tree,minimum-depth-of-binary-tree,1,702999,239567,0.340778578632402,False,False
112,Path Sum,path-sum,1,682129,244308,0.35815512901518626,False,False
113,Path Sum II,path-sum-ii,2,495010,185096,0.37392375911597747,False,False
114,Flatten Binary Tree to Linked List,flatten-binary-tree-to-linked-list,2,486003,186835,0.3844317833429012,False,False
115,Distinct Subsequences,distinct-subsequences,3,273116,90438,0.3311340236383075,False,False
116,Populating Next Right Pointers in Each Node,populating-next-right-pointers-in-each-node,2,532289,194918,0.36618829245015394,False,False
117,Populating Next Right Pointers in Each Node II,populating-next-right-pointers-in-each-node-ii,2,439154,147425,0.3357022821151578,False,False
118,Pascal's Triangle,pascals-triangle,1,461219,193748,0.4200780973897433,False,False
119,Pascal's Triangle II,pascals-triangle-ii,1,405479,161607,0.3985582483926418,False,False
120,Triangle,triangle,2,406449,147947,0.36399892729469135,False,False
121,Best Time to Buy and Sell Stock,best-time-to-buy-and-sell-stock,1,782075,346374,0.4428910270754084,False,False
122,Best Time to Buy and Sell Stock II,best-time-to-buy-and-sell-stock-ii,1,488458,239906,0.4911496996671157,False,False
123,Best Time to Buy and Sell Stock III,best-time-to-buy-and-sell-stock-iii,3,382951,120192,0.31385738645414163,False,False
124,Binary Tree Maximum Path Sum,binary-tree-maximum-path-sum,3,518692,144865,0.2792890578609271,False,False
125,Valid Palindrome,valid-palindrome,1,926799,263683,0.2845093704244394,False,True
126,Word Ladder II,word-ladder-ii,3,595987,93019,0.15607555198351641,False,False
127,Word Ladder,word-ladder,2,897275,188985,0.21062104705915133,False,False
128,Longest Consecutive Sequence,longest-consecutive-sequence,3,409410,160957,0.393143792286461,False,True
129,Sum Root to Leaf Numbers,sum-root-to-leaf-numbers,2,383010,150832,0.39380695021017725,False,False
130,Surrounded Regions,surrounded-regions,2,555817,115179,0.20722468006556113,False,False
131,Palindrome Partitioning,palindrome-partitioning,2,358013,133713,0.3734864376433258,False,False
132,Palindrome Partitioning II,palindrome-partitioning-ii,3,344854,88499,0.2566274423379169,False,False
133,Clone Graph,clone-graph,2,672372,169041,0.2514099337866538,False,False
134,Gas Station,gas-station,2,369494,115442,0.31243267820316434,False,False
135,Candy,candy,3,324388,84713,0.26114714477724205,False,False
136,Single Number,single-number,1,608955,346641,0.5692391063379068,False,True
137,Single Number II,single-number-ii,2,330218,144435,0.437392873798521,False,False
138,Copy List with Random Pointer,copy-list-with-random-pointer,2,699740,179600,0.2566667619401492,False,False
139,Word Break,word-break,2,754542,245518,0.3253867909274765,False,False
140,Word Break II,word-break-ii,3,502241,127230,0.2533245991466248,False,False
141,Linked List Cycle,linked-list-cycle,1,853274,295856,0.3467303585952461,False,False
142,Linked List Cycle II,linked-list-cycle-ii,2,561032,168271,0.29993119822042236,False,False
143,Reorder List,reorder-list,2,443065,124148,0.28020267906514845,False,False
144,Binary Tree Preorder Traversal,binary-tree-preorder-traversal,2,538722,260785,0.48408084318071287,False,True
145,Binary Tree Postorder Traversal,binary-tree-postorder-traversal,3,456288,202138,0.44300529490146573,False,False
146,LRU Cache,lru-cache,3,951848,202925,0.21319055143258167,False,False
147,Insertion Sort List,insertion-sort-list,2,369224,129129,0.3497307867310901,False,False
148,Sort List,sort-list,2,469230,148676,0.31685101123116594,False,False
149,Max Points on a Line,max-points-on-a-line,3,662951,101078,0.1524667735624503,False,False
150,Evaluate Reverse Polish Notation,evaluate-reverse-polish-notation,2,435029,129325,0.29727903197258115,False,False
151,Reverse Words in a String,reverse-words-in-a-string,2,1403178,220667,0.15726230029262148,False,False
152,Maximum Product Subarray,maximum-product-subarray,2,583498,160145,0.2744568104774995,False,False
153,Find Minimum in Rotated Sorted Array,find-minimum-in-rotated-sorted-array,2,533457,221864,0.4158985635205837,False,False
154,Find Minimum in Rotated Sorted Array II,find-minimum-in-rotated-sorted-array-ii,3,278872,107030,0.38379615020511204,False,False
155,Min Stack,min-stack,1,660624,218468,0.33069945990457505,False,True
156,Binary Tree Upside Down,binary-tree-upside-down,2,82031,39024,0.4757225926783777,True,False
157,Read N Characters Given Read4,read-n-characters-given-read4,1,198994,56121,0.2820235786003598,True,False
158,Read N Characters Given Read4 II - Call multiple times,read-n-characters-given-read4-ii-call-multiple-times,3,198690,48301,0.24309728723136545,True,False
159,Longest Substring with At Most Two Distinct Characters,longest-substring-with-at-most-two-distinct-characters,3,104107,45676,0.43874091079370264,True,False
160,Intersection of Two Linked Lists,intersection-of-two-linked-lists,1,731346,224996,0.30764644914992356,False,False
161,One Edit Distance,one-edit-distance,2,186852,58554,0.3133710102112902,True,False
162,Find Peak Element,find-peak-element,2,453414,180054,0.39710727943998203,False,False
163,Missing Ranges,missing-ranges,2,193933,44326,0.2285634729519989,True,False
164,Maximum Gap,maximum-gap,3,195867,60393,0.3083367795493881,False,False
165,Compare Version Numbers,compare-version-numbers,2,514818,110765,0.2151537048044163,False,False
166,Fraction to Recurring Decimal,fraction-to-recurring-decimal,2,391390,72415,0.18502005672091776,False,False
167,Two Sum II - Input array is sorted,two-sum-ii-input-array-is-sorted,1,354840,168839,0.4758172697553827,False,False
168,Excel Sheet Column Title,excel-sheet-column-title,1,534393,149123,0.27905118517645255,False,False
169,Majority Element,majority-element,1,598685,296276,0.49487794082029785,False,True
170,Two Sum III - Data structure design,two-sum-iii-data-structure-design,1,157169,43545,0.2770584530028186,True,False
171,Excel Sheet Column Number,excel-sheet-column-number,1,373642,185733,0.49708812178502415,False,True
172,Factorial Trailing Zeroes,factorial-trailing-zeroes,1,352338,130377,0.3700338879144458,False,False
173,Binary Search Tree Iterator,binary-search-tree-iterator,2,338695,150988,0.4457934129526565,False,False
174,Dungeon Game,dungeon-game,3,217699,54839,0.2519028566966316,False,False
179,Largest Number,largest-number,2,433548,105050,0.24230304372295572,False,False
186,Reverse Words in a String II,reverse-words-in-a-string-ii,2,150405,50073,0.3329211129949137,True,False
187,Repeated DNA Sequences,repeated-dna-sequences,2,307442,104538,0.34002511042733263,False,False
188,Best Time to Buy and Sell Stock IV,best-time-to-buy-and-sell-stock-iv,3,274530,69494,0.2531380905547663,False,False
189,Rotate Array,rotate-array,1,803457,215724,0.26849476698815244,False,True
190,Reverse Bits,reverse-bits,1,510763,149476,0.29265236518698495,False,False
191,Number of 1 Bits,number-of-1-bits,1,527697,215587,0.4085431601847272,False,False
198,House Robber,house-robber,1,588727,237741,0.4038221450689369,False,False
199,Binary Tree Right Side View,binary-tree-right-side-view,2,282449,124991,0.44252590733194314,False,False
200,Number of Islands,number-of-islands,2,575875,218482,0.37939136097243326,False,False
201,Bitwise AND of Numbers Range,bitwise-and-of-numbers-range,2,203052,70900,0.3491716407619723,False,False
202,Happy Number,happy-number,1,428194,183102,0.42761458591199314,False,False
203,Remove Linked List Elements,remove-linked-list-elements,1,513637,175777,0.3422202839748694,False,False
204,Count Primes,count-primes,1,659459,178640,0.2708887133241035,False,True
205,Isomorphic Strings,isomorphic-strings,1,442998,157061,0.354541104023043,False,False
206,Reverse Linked List,reverse-linked-list,1,836251,412074,0.492763536306683,False,False
207,Course Schedule,course-schedule,2,424132,147711,0.3482665773862854,False,False
208,Implement Trie (Prefix Tree),implement-trie-prefix-tree,2,396696,132564,0.33417024623389197,False,False
209,Minimum Size Subarray Sum,minimum-size-subarray-sum,2,415148,137482,0.33116382591268656,False,False
210,Course Schedule II,course-schedule-ii,2,335701,106091,0.31602825133079737,False,False
211,Add and Search Word - Data structure design,add-and-search-word-data-structure-design,2,323667,87077,0.26903267864811675,False,False
212,Word Search II,word-search-ii,3,301183,77813,0.2583578754444972,False,False
213,House Robber II,house-robber-ii,2,256775,89117,0.34706260344659723,False,False
214,Shortest Palindrome,shortest-palindrome,3,233028,60337,0.2589259659783374,False,False
215,Kth Largest Element in an Array,kth-largest-element-in-an-array,2,590862,252580,0.4274771435631332,False,False
216,Combination Sum III,combination-sum-iii,2,204685,99648,0.48683586975108095,False,False
217,Contains Duplicate,contains-duplicate,1,515335,251255,0.4875566379151426,False,False
218,The Skyline Problem,the-skyline-problem,3,240439,71832,0.2987535300013725,False,False
219,Contains Duplicate II,contains-duplicate-ii,1,480282,161203,0.3356423934271949,False,False
220,Contains Duplicate III,contains-duplicate-iii,2,400269,75758,0.18926771746000814,False,False
221,Maximal Square,maximal-square,2,323386,100698,0.31138639273190555,False,False
222,Count Complete Tree Nodes,count-complete-tree-nodes,2,306014,87717,0.28664374832524003,False,False
223,Rectangle Area,rectangle-area,2,222457,76936,0.34584661305330916,False,False
224,Basic Calculator,basic-calculator,3,256260,76348,0.2979317880277843,False,False
225,Implement Stack using Queues,implement-stack-using-queues,1,291857,104388,0.3576683101655948,False,False
226,Invert Binary Tree,invert-binary-tree,1,473512,260360,0.5498487894710166,False,True
227,Basic Calculator II,basic-calculator-ii,2,248987,77326,0.31056239884010006,False,False
228,Summary Ranges,summary-ranges,2,326896,109491,0.33494138808673096,False,False
229,Majority Element II,majority-element-ii,2,267028,80497,0.30145527809817696,False,False
230,Kth Smallest Element in a BST,kth-smallest-element-in-a-bst,2,350498,165861,0.4732152537247003,False,False
231,Power of Two,power-of-two,1,461493,189670,0.4109921493933819,False,False
232,Implement Queue using Stacks,implement-queue-using-stacks,1,299190,118537,0.39619305458070125,False,False
233,Number of Digit One,number-of-digit-one,3,124345,36473,0.2933210020507459,False,False
234,Palindrome Linked List,palindrome-linked-list,1,556226,190226,0.34199408154239463,False,False
235,Lowest Common Ancestor of a Binary Search Tree,lowest-common-ancestor-of-a-binary-search-tree,1,533311,219653,0.4118666219147927,False,False
236,Lowest Common Ancestor of a Binary Tree,lowest-common-ancestor-of-a-binary-tree,2,612422,194571,0.3177073978400515,False,False
237,Delete Node in a Linked List,delete-node-in-a-linked-list,1,470809,231428,0.4915538997767672,False,False
238,Product of Array Except Self,product-of-array-except-self,2,345425,178339,0.516288629948614,False,False
239,Sliding Window Maximum,sliding-window-maximum,3,303997,107228,0.35272716507070795,False,False
240,Search a 2D Matrix II,search-a-2d-matrix-ii,2,332300,130769,0.3935269334938309,False,False
241,Different Ways to Add Parentheses,different-ways-to-add-parentheses,2,129864,61435,0.47307182899032835,False,False
242,Valid Anagram,valid-anagram,1,504183,246168,0.48825128971028375,False,False
243,Shortest Word Distance,shortest-word-distance,1,91664,50015,0.5456340548088672,True,False
244,Shortest Word Distance II,shortest-word-distance-ii,2,82775,35547,0.4294412564180006,True,False
245,Shortest Word Distance III,shortest-word-distance-iii,2,60062,31123,0.5181812127468283,True,False
246,Strobogrammatic Number,strobogrammatic-number,1,99632,40559,0.4070880841496708,True,False
247,Strobogrammatic Number II,strobogrammatic-number-ii,2,81782,34198,0.418160475410237,True,False
248,Strobogrammatic Number III,strobogrammatic-number-iii,3,39520,13218,0.33446356275303646,True,False
249,Group Shifted Strings,group-shifted-strings,2,86646,39904,0.46054059044849155,True,False
250,Count Univalue Subtrees,count-univalue-subtrees,2,58837,26838,0.4561415435865187,True,False
251,Flatten 2D Vector,flatten-2d-vector,2,100883,42422,0.42050692386229593,True,False
252,Meeting Rooms,meeting-rooms,1,119039,59250,0.49773603608901285,True,False
253,Meeting Rooms II,meeting-rooms-ii,2,215928,86512,0.4006520692082546,True,False
254,Factor Combinations,factor-combinations,2,98850,43258,0.4376125442589783,True,False
255,Verify Preorder Sequence in Binary Search Tree,verify-preorder-sequence-in-binary-search-tree,2,68129,28387,0.4166654434968956,True,False
256,Paint House,paint-house,1,87439,41048,0.4694472718123492,True,False
257,Binary Tree Paths,binary-tree-paths,1,421470,181144,0.4297909697012836,False,False
258,Add Digits,add-digits,1,400245,210548,0.5260477957251184,False,True
259,3Sum Smaller,3sum-smaller,2,96274,41400,0.43002264370442694,True,False
260,Single Number III,single-number-iii,2,164915,89806,0.5445593184367704,False,False
261,Graph Valid Tree,graph-valid-tree,2,172135,66725,0.3876318006216051,True,False
263,Ugly Number,ugly-number,1,335818,134332,0.4000142934565747,False,False
264,Ugly Number II,ugly-number-ii,2,247676,84665,0.34183772347744634,False,False
265,Paint House II,paint-house-ii,3,90755,35675,0.3930912897361027,True,False
266,Palindrome Permutation,palindrome-permutation,1,88635,51924,0.5858182433575901,True,False
267,Palindrome Permutation II,palindrome-permutation-ii,2,63373,20502,0.3235131680684203,True,False
268,Missing Number,missing-number,1,441540,203423,0.4607125062282013,False,False
269,Alien Dictionary,alien-dictionary,3,178167,49050,0.2753035073835222,True,False
270,Closest Binary Search Tree Value,closest-binary-search-tree-value,1,151086,62886,0.4162265199952345,True,False
271,Encode and Decode Strings,encode-and-decode-strings,2,125177,32260,0.2577150754531583,True,False
272,Closest Binary Search Tree Value II,closest-binary-search-tree-value-ii,3,65876,27310,0.4145667617948874,True,False
273,Integer to English Words,integer-to-english-words,3,308228,71297,0.23131253487677952,False,False
274,H-Index,h-index,2,314317,107310,0.341406923583516,False,False
275,H-Index II,h-index-ii,2,198646,69602,0.35038208672714277,False,False
276,Paint Fence,paint-fence,1,102417,36265,0.3540916058857416,True,False
277,Find the Celebrity,find-the-celebrity,2,166632,58744,0.35253732776417496,True,False
278,First Bad Version,first-bad-version,1,628592,169811,0.2701450225265355,False,True
279,Perfect Squares,perfect-squares,2,336132,130327,0.3877256553972844,False,False
280,Wiggle Sort,wiggle-sort,2,85604,50761,0.592974627353862,True,False
281,Zigzag Iterator,zigzag-iterator,2,80039,43140,0.5389872437186871,True,False
282,Expression Add Operators,expression-add-operators,3,171842,53343,0.3104188731509177,False,False
283,Move Zeroes,move-zeroes,1,653747,342222,0.5234777368003218,False,True
284,Peeking Iterator,peeking-iterator,2,166771,61448,0.3684573457015908,False,False
285,Inorder Successor in BST,inorder-successor-in-bst,2,216042,73363,0.33957748956221473,True,False
286,Walls and Gates,walls-and-gates,2,117776,54668,0.4641692704795544,True,False
287,Find the Duplicate Number,find-the-duplicate-number,2,285485,131153,0.45940417184790794,False,False
288,Unique Word Abbreviation,unique-word-abbreviation,2,190986,35643,0.18662624485564386,True,False
289,Game of Life,game-of-life,2,203023,80006,0.3940735778704876,False,False
290,Word Pattern,word-pattern,1,341575,115867,0.3392139354460953,False,False
291,Word Pattern II,word-pattern-ii,3,65924,25662,0.3892664280080092,True,False
292,Nim Game,nim-game,1,307315,170199,0.5538258789841043,False,True
293,Flip Game,flip-game,1,62286,36014,0.5782037697074784,True,False
294,Flip Game II,flip-game-ii,2,79502,37578,0.47266735428039547,True,False
295,Find Median from Data Stream,find-median-from-data-stream,3,227215,71676,0.3154545254494642,False,False
296,Best Meeting Point,best-meeting-point,3,35771,18912,0.5286964300690503,True,False
297,Serialize and Deserialize Binary Tree,serialize-and-deserialize-binary-tree,3,337943,123541,0.36556756612801566,False,False
298,Binary Tree Longest Consecutive Sequence,binary-tree-longest-consecutive-sequence,2,118977,50421,0.4237877909175723,True,False
299,Bulls and Cows,bulls-and-cows,2,203602,75126,0.3689845875777252,False,False
300,Longest Increasing Subsequence,longest-increasing-subsequence,2,389830,153020,0.3925300772131442,False,False
301,Remove Invalid Parentheses,remove-invalid-parentheses,3,227089,82921,0.36514758530796293,False,False
302,Smallest Rectangle Enclosing Black Pixels,smallest-rectangle-enclosing-black-pixels,3,40484,19214,0.4746072522478016,True,False
303,Range Sum Query - Immutable,range-sum-query-immutable,1,316492,107814,0.3406531602694539,False,False
304,Range Sum Query 2D - Immutable,range-sum-query-2d-immutable,2,177404,50967,0.2872934093932493,False,False
305,Number of Islands II,number-of-islands-ii,3,97877,39242,0.40093178172604393,True,False
306,Additive Number,additive-number,2,123802,34513,0.278775787143988,False,False
307,Range Sum Query - Mutable,range-sum-query-mutable,2,214126,52495,0.24515939213360358,False,False
308,Range Sum Query 2D - Mutable,range-sum-query-2d-mutable,3,95526,26808,0.28063563846492057,True,False
309,Best Time to Buy and Sell Stock with Cooldown,best-time-to-buy-and-sell-stock-with-cooldown,2,166657,71132,0.4268167553718116,False,False
310,Minimum Height Trees,minimum-height-trees,2,173617,50615,0.2915325112172195,False,False
311,Sparse Matrix Multiplication,sparse-matrix-multiplication,2,98393,52750,0.5361153740611629,True,False
312,Burst Balloons,burst-balloons,3,103659,46126,0.4449782459796062,False,False
313,Super Ugly Number,super-ugly-number,2,130716,51385,0.3931041341534319,False,False
314,Binary Tree Vertical Order Traversal,binary-tree-vertical-order-traversal,2,134991,52220,0.38684060418842736,True,False
315,Count of Smaller Numbers After Self,count-of-smaller-numbers-after-self,3,157171,55895,0.35563176412951497,False,False
316,Remove Duplicate Letters,remove-duplicate-letters,3,147115,45566,0.309730482955511,False,False
317,Shortest Distance from All Buildings,shortest-distance-from-all-buildings,3,79990,28200,0.3525440680085011,True,False
318,Maximum Product of Word Lengths,maximum-product-of-word-lengths,2,147292,68692,0.4663661298644869,False,False
319,Bulb Switcher,bulb-switcher,2,120462,52132,0.43276717969152095,False,False
320,Generalized Abbreviation,generalized-abbreviation,2,68936,32403,0.4700446791226645,True,False
321,Create Maximum Number,create-maximum-number,3,104604,26036,0.24890061565523308,False,False
322,Coin Change,coin-change,2,431465,117615,0.27259453258085825,False,False
323,Number of Connected Components in an Undirected Graph,number-of-connected-components-in-an-undirected-graph,2,87638,43539,0.49680503891006184,True,False
324,Wiggle Sort II,wiggle-sort-ii,2,167395,44579,0.2663102243197228,False,False
325,Maximum Size Subarray Sum Equals k,maximum-size-subarray-sum-equals-k,2,138145,60031,0.43455065329906983,True,False
326,Power of Three,power-of-three,1,354647,145323,0.40976802285089114,False,False
327,Count of Range Sum,count-of-range-sum,3,85231,26516,0.3111074609003766,False,False
328,Odd Even Linked List,odd-even-linked-list,2,241302,111821,0.4634068511657591,False,False
329,Longest Increasing Path in a Matrix,longest-increasing-path-in-a-matrix,3,163909,61896,0.3776241695086908,False,False
330,Patching Array,patching-array,3,85951,28307,0.3293388093215902,False,False
331,Verify Preorder Serialization of a Binary Tree,verify-preorder-serialization-of-a-binary-tree,2,133319,50099,0.3757828966613911,False,False
332,Reconstruct Itinerary,reconstruct-itinerary,2,185246,55589,0.30008205305377716,False,False
333,Largest BST Subtree,largest-bst-subtree,2,75425,23805,0.31561153463705666,True,False
334,Increasing Triplet Subsequence,increasing-triplet-subsequence,2,180528,71209,0.39444850660285385,False,False
335,Self Crossing,self-crossing,3,66138,17513,0.26479482294596146,False,False
336,Palindrome Pairs,palindrome-pairs,3,166141,46556,0.28021981329112017,False,False
337,House Robber III,house-robber-iii,2,167294,76533,0.4574760601097469,False,False
338,Counting Bits,counting-bits,2,204882,128798,0.6286447808982731,False,True
339,Nested List Weight Sum,nested-list-weight-sum,1,62701,40577,0.6471507631457234,True,False
340,Longest Substring with At Most K Distinct Characters,longest-substring-with-at-most-k-distinct-characters,3,126685,48756,0.3848600860401784,True,False
341,Flatten Nested List Iterator,flatten-nested-list-iterator,2,173715,77035,0.4434562357885042,False,False
342,Power of Four,power-of-four,1,240027,94892,0.39533885771184074,False,False
343,Integer Break,integer-break,2,138819,64872,0.4673135521794567,False,False
344,Reverse String,reverse-string,1,479493,294357,0.6138921736083739,False,True
345,Reverse Vowels of a String,reverse-vowels-of-a-string,1,308975,123201,0.3987409984626588,False,True
346,Moving Average from Data Stream,moving-average-from-data-stream,1,81282,50496,0.6212445559902562,True,False
347,Top K Frequent Elements,top-k-frequent-elements,2,258895,131753,0.5089051545993549,False,True
348,Design Tic-Tac-Toe,design-tic-tac-toe,2,62754,29400,0.4684960321254422,True,False
349,Intersection of Two Arrays,intersection-of-two-arrays,1,315952,156745,0.4961038385577556,False,False
350,Intersection of Two Arrays II,intersection-of-two-arrays-ii,1,303739,135965,0.44763760992167617,False,False
351,Android Unlock Patterns,android-unlock-patterns,2,53119,23756,0.44722227451571,True,False
352,Data Stream as Disjoint Intervals,data-stream-as-disjoint-intervals,3,46188,19236,0.41647181085996365,False,False
353,Design Snake Game,design-snake-game,2,50132,13993,0.27912311497646214,True,False
354,Russian Doll Envelopes,russian-doll-envelopes,3,103979,34104,0.327989305532848,False,False
355,Design Twitter,design-twitter,2,107463,28135,0.2618110419400166,False,False
356,Line Reflection,line-reflection,2,52638,16011,0.30417189102929443,True,False
357,Count Numbers with Unique Digits,count-numbers-with-unique-digits,2,114293,52766,0.4616730683418932,False,False
358,Rearrange String k Distance Apart,rearrange-string-k-distance-apart,3,54326,17250,0.31752751905165116,True,False
359,Logger Rate Limiter,logger-rate-limiter,1,50879,31409,0.6173273845790994,True,False
360,Sort Transformed Array,sort-transformed-array,2,46160,21005,0.4550476603119584,True,False
361,Bomb Enemy,bomb-enemy,2,65835,27100,0.41163514847725374,True,False
362,Design Hit Counter,design-hit-counter,2,53320,29893,0.5606339084771192,True,False
363,Max Sum of Rectangle No Larger Than K,max-sum-of-rectangle-no-larger-than-k,3,64713,22098,0.34147698298641693,False,False
364,Nested List Weight Sum II,nested-list-weight-sum-ii,2,48364,26390,0.5456537920767514,True,False
365,Water and Jug Problem,water-and-jug-problem,2,79873,22672,0.28385061284789603,False,False
366,Find Leaves of Binary Tree,find-leaves-of-binary-tree,2,50410,31343,0.6217615552469749,True,False
367,Valid Perfect Square,valid-perfect-square,1,216380,84078,0.38856641094371014,False,False
368,Largest Divisible Subset,largest-divisible-subset,2,113508,38590,0.3399760369313176,False,False
369,Plus One Linked List,plus-one-linked-list,2,49033,26964,0.5499153631227949,True,False
370,Range Addition,range-addition,2,34352,19986,0.5818001863064741,True,False
371,Sum of Two Integers,sum-of-two-integers,1,215880,109803,0.5086297943301834,False,False
372,Super Pow,super-pow,2,66269,23113,0.348775445532602,False,False
373,Find K Pairs with Smallest Sums,find-k-pairs-with-smallest-sums,2,150817,48030,0.31846542498524705,False,False
374,Guess Number Higher or Lower,guess-number-higher-or-lower,1,228891,86077,0.3760610945821373,False,False
375,Guess Number Higher or Lower II,guess-number-higher-or-lower-ii,2,96565,35053,0.36299901620670016,False,False
376,Wiggle Subsequence,wiggle-subsequence,2,104683,38001,0.36301023088753664,False,False
377,Combination Sum IV,combination-sum-iv,2,158968,68629,0.43171581701977757,False,False
378,Kth Smallest Element in a Sorted Matrix,kth-smallest-element-in-a-sorted-matrix,2,160316,74199,0.4628296614186981,False,False
379,Design Phone Directory,design-phone-directory,2,46004,17415,0.3785540387792366,True,False
380,Insert Delete GetRandom O(1),insert-delete-getrandom-o1,2,183300,74284,0.40525913802509544,False,False
381,Insert Delete GetRandom O(1) - Duplicates allowed,insert-delete-getrandom-o1-duplicates-allowed,3,96930,29137,0.30059836995770145,False,False
382,Linked List Random Node,linked-list-random-node,2,90082,43175,0.47928553984147776,False,False
383,Ransom Note,ransom-note,1,186576,90201,0.48345446359660404,False,True
384,Shuffle an Array,shuffle-an-array,2,110067,52778,0.47950793607529957,False,False
385,Mini Parser,mini-parser,2,80568,25009,0.31040859894747297,False,False
386,Lexicographical Numbers,lexicographical-numbers,2,75424,32657,0.4329788926601612,False,False
387,First Unique Character in a String,first-unique-character-in-a-string,1,343617,163497,0.47581173224840445,False,True
388,Longest Absolute File Path,longest-absolute-file-path,2,141528,53684,0.3793171669210333,False,False
389,Find the Difference,find-the-difference,1,229772,119137,0.5185009487666035,False,True
390,Elimination Game,elimination-game,2,44644,19142,0.4287698234925186,False,False
391,Perfect Rectangle,perfect-rectangle,3,57346,15801,0.27553796254315904,False,False
392,Is Subsequence,is-subsequence,2,139636,62784,0.4496261709014867,False,False
393,UTF-8 Validation,utf-8-validation,2,74917,26179,0.34944004698533043,False,False
394,Decode String,decode-string,2,158402,66855,0.4220590649107966,False,False
395,Longest Substring with At Least K Repeating Characters,longest-substring-with-at-least-k-repeating-characters,2,87481,31739,0.3628102102170757,False,False
396,Rotate Function,rotate-function,2,88258,30236,0.34258650773867527,False,False
397,Integer Replacement,integer-replacement,2,108245,33156,0.3063051411150631,False,False
398,Random Pick Index,random-pick-index,2,89622,41368,0.4615830934368793,False,False
399,Evaluate Division,evaluate-division,2,95725,41487,0.43339775398276315,False,False
400,Nth Digit,nth-digit,1,131995,39496,0.29922345543391793,False,False
401,Binary Watch,binary-watch,1,119502,53432,0.4471222238958344,False,False
402,Remove K Digits,remove-k-digits,2,153403,39281,0.25606409261878843,False,False
403,Frog Jump,frog-jump,3,98867,33119,0.33498538440531217,False,False
404,Sum of Left Leaves,sum-of-left-leaves,1,209644,100634,0.4800232775562382,False,False
405,Convert a Number to Hexadecimal,convert-a-number-to-hexadecimal,1,93793,38617,0.41172582175642103,False,False
406,Queue Reconstruction by Height,queue-reconstruction-by-height,2,98879,56264,0.5690186996227713,False,False
407,Trapping Rain Water II,trapping-rain-water-ii,3,53191,20150,0.3788234851760636,False,False
408,Valid Word Abbreviation,valid-word-abbreviation,1,63746,18154,0.2847864964076177,True,False
409,Longest Palindrome,longest-palindrome,1,160182,74355,0.46419073304116565,False,False
410,Split Array Largest Sum,split-array-largest-sum,3,69635,27962,0.40155094420909027,False,False
411,Minimum Unique Word Abbreviation,minimum-unique-word-abbreviation,3,24807,8379,0.337767565606482,True,False
412,Fizz Buzz,fizz-buzz,1,245642,142665,0.5807842307097321,False,True
413,Arithmetic Slices,arithmetic-slices,2,86370,47044,0.5446798656941068,False,False
414,Third Maximum Number,third-maximum-number,1,251384,70777,0.28154934283804856,False,False
415,Add Strings,add-strings,1,161187,67821,0.42075973868860395,False,False
416,Partition Equal Subset Sum,partition-equal-subset-sum,2,142002,54943,0.38691708567484967,False,False
417,Pacific Atlantic Water Flow,pacific-atlantic-water-flow,2,89579,31595,0.3527054331930475,False,False
418,Sentence Screen Fitting,sentence-screen-fitting,2,83960,24239,0.288696998570748,True,False
419,Battleships in a Board,battleships-in-a-board,2,77502,49572,0.6396222032979794,False,True
420,Strong Password Checker,strong-password-checker,3,27397,5176,0.18892579479505056,False,False
421,Maximum XOR of Two Numbers in an Array,maximum-xor-of-two-numbers-in-an-array,2,56460,27751,0.49151611760538433,False,False
422,Valid Word Square,valid-word-square,1,51248,18668,0.3642678738682485,True,False
423,Reconstruct Original Digits from English,reconstruct-original-digits-from-english,2,36324,16275,0.4480508754542451,False,False
424,Longest Repeating Character Replacement,longest-repeating-character-replacement,2,49742,21208,0.42636001769128706,False,False
425,Word Squares,word-squares,3,42436,18253,0.43013007823546046,True,False
432,All O`one Data Structure,all-oone-data-structure,3,42380,11881,0.2803445021236432,False,False
433,Minimum Genetic Mutation,minimum-genetic-mutation,2,44066,15809,0.3587573185676031,False,False
434,Number of Segments in a String,number-of-segments-in-a-string,1,122054,44549,0.3649941829026496,False,True
435,Non-overlapping Intervals,non-overlapping-intervals,2,64672,26493,0.4096517812963879,False,False
436,Find Right Interval,find-right-interval,2,50882,21257,0.4177705278880547,False,False
437,Path Sum III,path-sum-iii,1,177801,71924,0.40451965961946224,False,False
438,Find All Anagrams in a String,find-all-anagrams-in-a-string,1,229927,78962,0.3434220426483188,False,True
439,Ternary Expression Parser,ternary-expression-parser,2,23022,11979,0.5203283815480845,True,False
440,K-th Smallest in Lexicographical Order,k-th-smallest-in-lexicographical-order,3,26394,6782,0.25695233765249675,False,False
441,Arranging Coins,arranging-coins,1,145521,53442,0.3672459644999691,False,False
442,Find All Duplicates in an Array,find-all-duplicates-in-an-array,2,122214,71007,0.581005449457509,False,False
443,String Compression,string-compression,1,78573,28092,0.3575273949066473,False,True
444,Sequence Reconstruction,sequence-reconstruction,2,63166,12397,0.19626064655035938,True,False
445,Add Two Numbers II,add-two-numbers-ii,2,129567,61311,0.47319919423927387,False,False
446,Arithmetic Slices II - Subsequence,arithmetic-slices-ii-subsequence,3,37848,10603,0.280146903403086,False,False
447,Number of Boomerangs,number-of-boomerangs,1,90253,43017,0.476626815729117,False,False
448,Find All Numbers Disappeared in an Array,find-all-numbers-disappeared-in-an-array,1,211042,108629,0.5147269263937984,False,True
449,Serialize and Deserialize BST,serialize-and-deserialize-bst,2,80481,34811,0.4325368720567587,False,False
450,Delete Node in a BST,delete-node-in-a-bst,2,113296,42966,0.37923668973308855,False,False
451,Sort Characters By Frequency,sort-characters-by-frequency,2,123735,65356,0.5281933163615792,False,False
452,Minimum Number of Arrows to Burst Balloons,minimum-number-of-arrows-to-burst-balloons,2,59801,26726,0.446915603418003,False,False
453,Minimum Moves to Equal Array Elements,minimum-moves-to-equal-array-elements,1,97386,47064,0.4832727496765449,False,False
454,4Sum II,4sum-ii,2,90024,43406,0.4821603128054741,False,False
455,Assign Cookies,assign-cookies,1,102868,48818,0.4745693510129486,False,False
456,132 Pattern,132-pattern,2,78447,21490,0.2739429168738129,False,False
457,Circular Array Loop,circular-array-loop,2,34360,8308,0.2417927823050058,False,False
458,Poor Pigs,poor-pigs,1,28228,12303,0.4358438429927731,False,False
459,Repeated Substring Pattern,repeated-substring-pattern,1,162570,62704,0.38570461954850216,False,True
460,LFU Cache,lfu-cache,3,101015,26343,0.26078305202197694,False,False
461,Hamming Distance,hamming-distance,1,265319,184398,0.6950048809169339,False,True
462,Minimum Moves to Equal Array Elements II,minimum-moves-to-equal-array-elements-ii,2,54925,28470,0.5183431952662721,False,False
463,Island Perimeter,island-perimeter,1,167036,97760,0.5852630570655427,False,True
464,Can I Win,can-i-win,2,100659,26160,0.2598873424134951,False,False
465,Optimal Account Balancing,optimal-account-balancing,3,25646,10285,0.401037198783436,True,False
466,Count The Repetitions,count-the-repetitions,3,24255,6614,0.27268604411461556,False,False
467,Unique Substrings in Wraparound String,unique-substrings-in-wraparound-string,2,43946,14618,0.33263550721339824,False,False
468,Validate IP Address,validate-ip-address,2,81931,16773,0.2047210457580159,False,False
469,Convex Polygon,convex-polygon,2,17695,6155,0.347838372421588,True,False
471,Encode String with Shortest Length,encode-string-with-shortest-length,3,22875,9987,0.43659016393442623,True,False
472,Concatenated Words,concatenated-words,3,45400,14540,0.32026431718061676,False,False
473,Matchsticks to Square,matchsticks-to-square,2,54908,19384,0.35302688132876814,False,False
474,Ones and Zeroes,ones-and-zeroes,2,63071,24430,0.3873412503369219,False,False
475,Heaters,heaters,1,114906,34323,0.298705028458044,False,False
476,Number Complement,number-complement,1,145111,89030,0.613530331952781,False,True
477,Total Hamming Distance,total-hamming-distance,2,80259,38379,0.47818936194071693,False,False
479,Largest Palindrome Product,largest-palindrome-product,1,46085,12017,0.26075729630031463,False,True
480,Sliding Window Median,sliding-window-median,3,55000,16844,0.30625454545454545,False,False
481,Magical String,magical-string,2,34588,15725,0.45463744651324156,False,False
482,License Key Formatting,license-key-formatting,1,113386,44251,0.39026863986735577,False,False
483,Smallest Good Base,smallest-good-base,3,24772,8343,0.3367915388341676,False,False
484,Find Permutation,find-permutation,2,19086,10689,0.5600440113171958,True,False
485,Max Consecutive Ones,max-consecutive-ones,1,188991,101617,0.5376816885460154,False,True
486,Predict the Winner,predict-the-winner,2,76083,34662,0.45558140451874923,False,False
487,Max Consecutive Ones II,max-consecutive-ones-ii,2,38307,17433,0.4550865377085128,True,False
488,Zuma Game,zuma-game,3,18883,6922,0.3665731080866388,False,False
490,The Maze,the-maze,2,44695,19788,0.4427340865868665,True,False
491,Increasing Subsequences,increasing-subsequences,2,58643,23219,0.3959381341336562,False,False
492,Construct the Rectangle,construct-the-rectangle,1,79560,38121,0.4791478129713424,False,False
493,Reverse Pairs,reverse-pairs,3,73354,15415,0.21014532268178968,False,False
494,Target Sum,target-sum,2,151101,66513,0.44018901264716975,False,False
495,Teemo Attacking,teemo-attacking,2,55586,28548,0.5135825567588961,False,False
496,Next Greater Element I,next-greater-element-i,1,119419,68069,0.5700014235590651,False,True
498,Diagonal Traverse,diagonal-traverse,2,60839,27023,0.44417232367395915,False,False
499,The Maze III,the-maze-iii,3,19847,6881,0.3467022723837356,True,False
500,Keyboard Row,keyboard-row,1,118807,71962,0.6057050510491806,False,True
501,Find Mode in Binary Search Tree,find-mode-in-binary-search-tree,1,109757,41646,0.37943821350802226,False,False
502,IPO,ipo,3,23784,8735,0.3672637066935755,False,False
503,Next Greater Element II,next-greater-element-ii,2,70108,34020,0.4852513265247903,False,False
504,Base 7,base-7,1,73995,32475,0.4388810054733428,False,False
505,The Maze II,the-maze-ii,2,40901,16201,0.39610278477298844,True,False
506,Relative Ranks,relative-ranks,1,73853,34792,0.47109799195699564,False,False
507,Perfect Number,perfect-number,1,88161,28763,0.32625537369131474,False,False
508,Most Frequent Subtree Sum,most-frequent-subtree-sum,2,70989,37495,0.5281804223189508,False,False
513,Find Bottom Left Tree Value,find-bottom-left-tree-value,2,95160,54079,0.5682955023118957,False,False
514,Freedom Trail,freedom-trail,3,26323,10421,0.39588952626980206,False,False
515,Find Largest Value in Each Tree Row,find-largest-value-in-each-tree-row,2,85502,48067,0.5621739842342869,False,False
516,Longest Palindromic Subsequence,longest-palindromic-subsequence,2,91281,39728,0.4352274843614772,False,False
517,Super Washing Machines,super-washing-machines,3,28222,10253,0.3632981362057969,False,False
518,Coin Change 2,coin-change-2,2,58980,22252,0.37728043404543915,False,False
520,Detect Capital,detect-capital,1,130285,67541,0.5184096404037303,False,True
521,Longest Uncommon Subsequence I ,longest-uncommon-subsequence-i,1,67993,37894,0.5573220772726604,False,True
522,Longest Uncommon Subsequence II,longest-uncommon-subsequence-ii,2,41939,13527,0.3225398793485777,False,False
523,Continuous Subarray Sum,continuous-subarray-sum,2,183749,43057,0.23432508476236605,False,False
524,Longest Word in Dictionary through Deleting,longest-word-in-dictionary-through-deleting,2,64841,28266,0.4359278851344057,False,False
525,Contiguous Array,contiguous-array,2,72937,30604,0.41959499293911184,False,False
526,Beautiful Arrangement,beautiful-arrangement,2,53856,28539,0.5299131016042781,False,False
527,Word Abbreviation,word-abbreviation,3,14653,6565,0.44803111990718625,True,False
529,Minesweeper,minesweeper,2,44473,22236,0.4999887572234839,False,False
530,Minimum Absolute Difference in BST,minimum-absolute-difference-in-bst,1,91432,44276,0.4842505906028524,False,False
531,Lonely Pixel I,lonely-pixel-i,2,23825,13497,0.5665057712486884,True,False
532,K-diff Pairs in an Array,k-diff-pairs-in-an-array,1,160681,45700,0.2844144609505791,False,False
533,Lonely Pixel II,lonely-pixel-ii,2,15731,7157,0.4549615409064904,True,False
535,Encode and Decode TinyURL,encode-and-decode-tinyurl,2,67934,50427,0.742293991226779,False,True
536,Construct Binary Tree from String,construct-binary-tree-from-string,2,31091,13314,0.4282268180502396,True,False
537,Complex Number Multiplication,complex-number-multiplication,2,45542,29238,0.6420007904791182,False,False
538,Convert BST to Greater Tree,convert-bst-to-greater-tree,1,111354,54455,0.48902598918763585,False,False
539,Minimum Time Difference,minimum-time-difference,2,43782,20353,0.4648714083413275,False,False
540,Single Element in a Sorted Array,single-element-in-a-sorted-array,2,68927,38716,0.5616957070523888,False,False
541,Reverse String II,reverse-string-ii,1,104810,46380,0.4425150271920618,False,True
542,01 Matrix,01-matrix,2,82195,27565,0.33536103169292536,False,False
543,Diameter of Binary Tree,diameter-of-binary-tree,1,179849,81220,0.45160106533814476,False,False
544,Output Contest Matches,output-contest-matches,2,14468,10345,0.7150262648603816,True,False
545,Boundary of Binary Tree,boundary-of-binary-tree,2,39715,13103,0.329925720760418,True,False
546,Remove Boxes,remove-boxes,3,19762,7286,0.3686873798198563,False,False
547,Friend Circles,friend-circles,2,99067,49550,0.500166553948338,False,False
548,Split Array with Equal Sum,split-array-with-equal-sum,2,13046,5011,0.3841024068680055,True,False
549,Binary Tree Longest Consecutive Sequence II,binary-tree-longest-consecutive-sequence-ii,2,25529,10981,0.4301382741196287,True,False
551,Student Attendance Record I,student-attendance-record-i,1,87772,39413,0.4490384177186346,False,True
552,Student Attendance Record II,student-attendance-record-ii,3,29620,9341,0.3153612424037812,False,False
553,Optimal Division,optimal-division,2,30654,16893,0.5510863182618908,False,False
554,Brick Wall,brick-wall,2,60030,28061,0.4674496085290688,False,False
555,Split Concatenated Strings,split-concatenated-strings,2,7986,3067,0.38404708239418983,True,False
556,Next Greater Element III,next-greater-element-iii,2,60256,17522,0.2907926181625066,False,False
557,Reverse Words in a String III,reverse-words-in-a-string-iii,1,144603,88919,0.6149180860701369,False,True
560,Subarray Sum Equals K,subarray-sum-equals-k,2,125321,50187,0.40046759920524094,False,False
561,Array Partition I,array-partition-i,1,153653,103105,0.6710249718521604,False,True
562,Longest Line of Consecutive One in Matrix,longest-line-of-consecutive-one-in-matrix,2,21233,8776,0.4133188904064428,True,False
563,Binary Tree Tilt,binary-tree-tilt,1,79591,37099,0.4661205412672287,False,False
564,Find the Closest Palindrome,find-the-closest-palindrome,3,44290,7569,0.170896364867916,False,False
565,Array Nesting,array-nesting,2,48946,24560,0.5017774690475217,False,False
566,Reshape the Matrix,reshape-the-matrix,1,102978,59617,0.5789294800831245,False,True
567,Permutation in String,permutation-in-string,2,77800,28493,0.36623393316195374,False,False
568,Maximum Vacation Days,maximum-vacation-days,3,30878,11171,0.3617786126044433,True,False
572,Subtree of Another Tree,subtree-of-another-tree,1,159413,64363,0.40375000784126763,False,False
573,Squirrel Simulation,squirrel-simulation,2,9253,4849,0.5240462552685615,True,False
575,Distribute Candies,distribute-candies,1,94141,54983,0.5840494577283012,False,True
576,Out of Boundary Paths,out-of-boundary-paths,2,40780,12527,0.307184894556155,False,False
581,Shortest Unsorted Continuous Subarray,shortest-unsorted-continuous-subarray,1,153220,44839,0.2926445633729278,False,True
582,Kill Process,kill-process,2,30770,16161,0.5252193695157621,True,False
583,Delete Operation for Two Strings,delete-operation-for-two-strings,2,49231,22089,0.44868070930917514,False,False
587,Erect the Fence,erect-the-fence,3,16407,5536,0.33741695617724143,False,False
588,Design In-Memory File System,design-in-memory-file-system,3,9161,3334,0.3639340683331514,True,False
591,Tag Validator,tag-validator,3,11799,3712,0.3146029324519027,False,False
592,Fraction Addition and Subtraction,fraction-addition-and-subtraction,2,22022,10139,0.46040323313050585,False,False
593,Valid Square,valid-square,2,34835,13861,0.39790440648772785,False,False
594,Longest Harmonious Subsequence,longest-harmonious-subsequence,1,62892,26168,0.4160783565477326,False,False
598,Range Addition II,range-addition-ii,1,51017,24475,0.4797420467687242,False,False
599,Minimum Index Sum of Two Lists,minimum-index-sum-of-two-lists,1,85750,39836,0.4645597667638484,False,False
600,Non-negative Integers without Consecutive Ones,non-negative-integers-without-consecutive-ones,3,21357,6780,0.31746031746031744,False,False
604,Design Compressed String Iterator,design-compressed-string-iterator,1,29930,10069,0.3364183093885733,True,False
605,Can Place Flowers,can-place-flowers,1,136441,41022,0.30065742701973747,False,False
606,Construct String from Binary Tree,construct-string-from-binary-tree,1,87205,43900,0.5034115016340807,False,False
609,Find Duplicate File in System,find-duplicate-file-in-system,2,31266,16530,0.5286893110727308,False,False
611,Valid Triangle Number,valid-triangle-number,2,55446,23606,0.4257475742163547,False,False
616,Add Bold Tag in String,add-bold-tag-in-string,2,39411,15099,0.38311638882545485,True,False
617,Merge Two Binary Trees,merge-two-binary-trees,1,167413,114581,0.684421162036401,False,True
621,Task Scheduler,task-scheduler,2,112884,48250,0.427429928067751,False,False
623,Add One Row to Tree,add-one-row-to-tree,2,42154,19505,0.4627081652986668,False,False
624,Maximum Distance in Arrays,maximum-distance-in-arrays,1,33745,12142,0.3598162690769003,True,False
625,Minimum Factorization,minimum-factorization,2,16816,5298,0.3150570884871551,True,False
628,Maximum Product of Three Numbers,maximum-product-of-three-numbers,1,103593,46404,0.447945324491037,False,False
629,K Inverse Pairs Array,k-inverse-pairs-array,3,21440,5978,0.27882462686567167,False,False
630,Course Schedule III,course-schedule-iii,3,25885,7675,0.29650376666022793,False,False
631,Design Excel Sum Formula,design-excel-sum-formula,3,8413,2394,0.2845596101271841,True,False
632,Smallest Range,smallest-range,3,31350,13732,0.4380223285486443,False,False
633,Sum of Square Numbers,sum-of-square-numbers,1,94740,30707,0.32411864048976147,False,False
634,Find the Derangement of An Array,find-the-derangement-of-an-array,2,10792,3942,0.36527057079318015,True,False
635,Design Log Storage System,design-log-storage-system,2,11541,5746,0.4978771336972533,True,False
636,Exclusive Time of Functions,exclusive-time-of-functions,2,50456,22841,0.4526914539400666,False,False
637,Average of Levels in Binary Tree,average-of-levels-in-binary-tree,1,100885,57012,0.5651186995093423,False,True
638,Shopping Offers,shopping-offers,2,32644,15087,0.4621676265163583,False,False
639,Decode Ways II,decode-ways-ii,3,64893,15690,0.24178262678563173,False,False
640,Solve the Equation,solve-the-equation,2,30236,11746,0.38847731181373196,False,False
642,Design Search Autocomplete System,design-search-autocomplete-system,3,30471,9624,0.3158412917199961,True,False
643,Maximum Average Subarray I,maximum-average-subarray-i,1,96311,36624,0.38026808983397536,False,False
644,Maximum Average Subarray II,maximum-average-subarray-ii,3,24418,6418,0.26283888934392663,True,False
645,Set Mismatch,set-mismatch,1,86325,34311,0.39746307558644656,False,False
646,Maximum Length of Pair Chain,maximum-length-of-pair-chain,2,54521,25821,0.47359732946937877,False,False
647,Palindromic Substrings,palindromic-substrings,2,107282,58432,0.5446580041386253,False,False
648,Replace Words,replace-words,2,46705,22907,0.49046140670163796,False,False
649,Dota2 Senate,dota2-senate,2,17252,6336,0.367261766751681,False,False
650,2 Keys Keyboard,2-keys-keyboard,2,53620,24670,0.46008951883625515,False,False
651,4 Keys Keyboard,4-keys-keyboard,2,19688,9818,0.4986793986184478,True,False
652,Find Duplicate Subtrees,find-duplicate-subtrees,2,53562,21377,0.3991075762667563,False,False
653,Two Sum IV - Input is a BST,two-sum-iv-input-is-a-bst,1,111012,56225,0.5064767772853386,False,True
654,Maximum Binary Tree,maximum-binary-tree,2,66680,47244,0.7085182963407318,False,True
655,Print Binary Tree,print-binary-tree,2,25024,12265,0.4901294757033248,False,False
656,Coin Path,coin-path,3,20618,5313,0.25768745756135414,True,False
657,Robot Return to Origin,robot-return-to-origin,1,150349,103776,0.6902340554310304,False,True
658,Find K Closest Elements,find-k-closest-elements,2,79497,27569,0.34679296074065685,False,False
659,Split Array into Consecutive Subsequences,split-array-into-consecutive-subsequences,2,30844,11530,0.3738166255997925,False,False
660,Remove 9,remove-9,3,8735,4383,0.501774470520893,True,False
661,Image Smoother,image-smoother,1,50974,24054,0.4718876289873269,False,False
662,Maximum Width of Binary Tree,maximum-width-of-binary-tree,2,50426,19380,0.38432554634513943,False,False
663,Equal Tree Partition,equal-tree-partition,2,27093,9873,0.3644114715978297,True,False
664,Strange Printer,strange-printer,3,18313,6392,0.34904166439141593,False,False
665,Non-decreasing Array,non-decreasing-array,1,166593,33010,0.19814758123090406,False,True
666,Path Sum IV,path-sum-iv,2,11719,5968,0.509258469152658,True,False
667,Beautiful Arrangement II,beautiful-arrangement-ii,2,26812,13667,0.5097344472624198,False,False
668,Kth Smallest Number in Multiplication Table,kth-smallest-number-in-multiplication-table,3,20984,8325,0.39673084254670227,False,False
669,Trim a Binary Search Tree,trim-a-binary-search-tree,1,75211,43991,0.5849011447793541,False,True
670,Maximum Swap,maximum-swap,2,70853,27500,0.388127531650036,False,False
671,Second Minimum Node In a Binary Tree,second-minimum-node-in-a-binary-tree,1,76778,32499,0.42328531610617626,False,False
672,Bulb Switcher II,bulb-switcher-ii,2,14696,7240,0.492651061513337,False,False
673,Number of Longest Increasing Subsequence,number-of-longest-increasing-subsequence,2,64582,20707,0.32063113561054163,False,False
674,Longest Continuous Increasing Subsequence,longest-continuous-increasing-subsequence,1,100988,43286,0.42862518319008197,False,False
675,Cut Off Trees for Golf Event,cut-off-trees-for-golf-event,3,30416,8354,0.2746580746975276,False,False
676,Implement Magic Dictionary,implement-magic-dictionary,2,33896,16767,0.4946601368893085,False,False
677,Map Sum Pairs,map-sum-pairs,2,33405,16965,0.5078581050740907,False,False
678,Valid Parenthesis String,valid-parenthesis-string,2,50693,15150,0.2988578304696901,False,False
679,24 Game,24-game,3,28369,11112,0.3916951602100885,False,False
680,Valid Palindrome II,valid-palindrome-ii,1,131289,42744,0.3255718300847748,False,True
681,Next Closest Time,next-closest-time,2,62023,25682,0.4140721990229431,True,False
682,Baseball Game,baseball-game,1,59939,35167,0.586713158377684,False,True
683,K Empty Slots,k-empty-slots,3,66134,22124,0.33453291801493934,True,False
684,Redundant Connection,redundant-connection,2,51597,23739,0.46008488865631725,False,False
685,Redundant Connection II,redundant-connection-ii,3,38572,10891,0.282355076221093,False,False
686,Repeated String Match,repeated-string-match,1,133047,41886,0.3148210782655753,False,True
687,Longest Univalue Path,longest-univalue-path,1,111647,36588,0.32771144768780175,False,False
688,Knight Probability in Chessboard,knight-probability-in-chessboard,2,26400,10762,0.40765151515151515,False,False
689,Maximum Sum of 3 Non-Overlapping Subarrays,maximum-sum-of-3-non-overlapping-subarrays,3,38545,16194,0.42013231288104813,False,False
690,Employee Importance,employee-importance,1,59545,30863,0.5183138802586279,False,True
691,Stickers to Spell Word,stickers-to-spell-word,3,15714,5648,0.35942471681303295,False,False
692,Top K Frequent Words,top-k-frequent-words,2,73616,31178,0.4235220604216475,False,False
693,Binary Number with Alternating Bits,binary-number-with-alternating-bits,1,51592,29126,0.5645448906807257,False,True
694,Number of Distinct Islands,number-of-distinct-islands,2,25274,11683,0.4622536994539843,True,False
695,Max Area of Island,max-area-of-island,1,84869,45053,0.5308534329378218,False,True
696,Count Binary Substrings,count-binary-substrings,1,40930,20957,0.5120205228438798,False,True
697,Degree of an Array,degree-of-an-array,1,62794,29687,0.4727680988629487,False,True
698,Partition to K Equal Sum Subsets,partition-to-k-equal-sum-subsets,2,57033,22063,0.38684621184226675,False,False
699,Falling Squares,falling-squares,3,15585,5890,0.3779274943856272,False,False
711,Number of Distinct Islands II,number-of-distinct-islands-ii,3,5829,2488,0.4268313604391834,True,False
712,Minimum ASCII Delete Sum for Two Strings,minimum-ascii-delete-sum-for-two-strings,2,24205,12572,0.5193968188390828,False,False
713,Subarray Product Less Than K,subarray-product-less-than-k,2,46934,15704,0.33459751992159203,False,False
714,Best Time to Buy and Sell Stock with Transaction Fee,best-time-to-buy-and-sell-stock-with-transaction-fee,2,52207,24866,0.4762962821077633,False,False
715,Range Module,range-module,3,17810,5563,0.3123526108927569,False,False
716,Max Stack,max-stack,3,21484,8011,0.37288214485198284,True,False
717,1-bit and 2-bit Characters,1-bit-and-2-bit-characters,1,55550,27088,0.48763276327632765,False,False
718,Maximum Length of Repeated Subarray,maximum-length-of-repeated-subarray,2,45230,19173,0.42390006632765864,False,False
719,Find K-th Smallest Pair Distance,find-k-th-smallest-pair-distance,3,41928,11789,0.28117248616676205,False,False
720,Longest Word in Dictionary,longest-word-in-dictionary,1,48804,20408,0.41816244570117206,False,False
721,Accounts Merge,accounts-merge,2,49674,17567,0.353645770423159,False,False
722,Remove Comments,remove-comments,2,26929,7797,0.289539158527981,False,False
723,Candy Crush,candy-crush,2,5419,3049,0.5626499354124377,True,False
724,Find Pivot Index,find-pivot-index,1,91461,35970,0.39328238265490206,False,False
725,Split Linked List in Parts,split-linked-list-in-parts,2,35461,16731,0.47181410563717885,False,False
726,Number of Atoms,number-of-atoms,3,16053,6981,0.4348719865445711,False,False
727,Minimum Window Subsequence,minimum-window-subsequence,3,23997,7875,0.3281660207525941,True,False
728,Self Dividing Numbers,self-dividing-numbers,1,73143,49077,0.6709732988802756,False,True
729,My Calendar I,my-calendar-i,2,41103,17956,0.4368537576332628,False,False
730,Count Different Palindromic Subsequences,count-different-palindromic-subsequences,3,13711,5004,0.36496243891765734,False,False
731,My Calendar II,my-calendar-ii,2,29317,11538,0.39356005048265513,False,False
732,My Calendar III,my-calendar-iii,3,13664,6891,0.5043179156908665,False,False
733,Flood Fill,flood-fill,1,49062,23532,0.4796380090497738,False,False
734,Sentence Similarity,sentence-similarity,1,37348,14414,0.3859376673449716,True,False
735,Asteroid Collision,asteroid-collision,2,33282,12286,0.36914848867255573,False,False
736,Parse Lisp Expression,parse-lisp-expression,3,6318,2627,0.41579613801836024,False,False
737,Sentence Similarity II,sentence-similarity-ii,2,36439,14695,0.4032767090205549,True,False
738,Monotone Increasing Digits,monotone-increasing-digits,2,22449,9268,0.41284689741191144,False,False
739,Daily Temperatures,daily-temperatures,2,50132,27643,0.5514042926673581,False,False
740,Delete and Earn,delete-and-earn,2,30366,13444,0.442732002897978,False,False
741,Cherry Pickup,cherry-pickup,3,15333,3805,0.2481575686427966,False,False
742,To Lower Case,to-lower-case,1,36015,26808,0.7443565181174511,False,True
743,Closest Leaf in a Binary Tree,closest-leaf-in-a-binary-tree,2,16996,6048,0.35584843492586493,True,False
744,Network Delay Time,network-delay-time,2,32913,12248,0.37213259198493,False,False
745,Find Smallest Letter Greater Than Target,find-smallest-letter-greater-than-target,1,56395,24214,0.4293643053462186,False,False
746,Prefix and Suffix Search,prefix-and-suffix-search,3,27594,7415,0.2687178372109879,False,False
747,Min Cost Climbing Stairs,min-cost-climbing-stairs,1,96388,42441,0.44031414698925175,False,False
748,Largest Number At Least Twice of Others,largest-number-at-least-twice-of-others,1,73677,29539,0.4009256620112111,False,False
749,Shortest Completing Word,shortest-completing-word,2,21021,11057,0.5259978117120975,False,False
750,Contain Virus,contain-virus,3,5070,2049,0.4041420118343195,False,False
751,Number Of Corner Rectangles,number-of-corner-rectangles,2,16035,9452,0.589460555035859,True,False
752,IP to CIDR,ip-to-cidr,1,6039,3163,0.5237622122868024,True,False
753,Open the Lock,open-the-lock,2,21299,8892,0.4174843889384478,False,False
754,Cracking the Safe,cracking-the-safe,3,18364,7688,0.4186451753430625,False,False
755,Reach a Number,reach-a-number,2,17409,5058,0.290539376184732,False,False
756,Pour Water,pour-water,2,12874,4598,0.35715395370514214,True,False
757,Pyramid Transition Matrix,pyramid-transition-matrix,2,15625,7480,0.47872,False,False
758,Convert Binary Search Tree to Sorted Doubly Linked List,convert-binary-search-tree-to-sorted-doubly-linked-list,2,14509,5161,0.35571024881108276,True,False
759,Set Intersection Size At Least Two,set-intersection-size-at-least-two,3,8261,2897,0.3506839365694226,False,False
760,Bold Words in String,bold-words-in-string,1,13388,5348,0.3994622049596654,True,False
761,Employee Free Time,employee-free-time,3,9635,5209,0.5406331084587441,True,False
762,Find Anagram Mappings,find-anagram-mappings,1,37701,29034,0.7701121986154214,True,False
763,Special Binary String,special-binary-string,3,5396,2430,0.4503335804299481,False,False
764,N-ary Tree Level Order Traversal,n-ary-tree-level-order-traversal,1,13552,7395,0.5456759149940968,False,True
765,Serialize and Deserialize N-ary Tree,serialize-and-deserialize-n-ary-tree,3,3377,1431,0.4237488895469351,True,False
766,Flatten a Multilevel Doubly Linked List,flatten-a-multilevel-doubly-linked-list,2,12539,4097,0.326740569423399,False,False
767,Prime Number of Set Bits in Binary Representation,prime-number-of-set-bits-in-binary-representation,1,32041,17999,0.5617490090821136,False,True
768,Partition Labels,partition-labels,2,35578,23180,0.6515262240710551,False,True
769,Largest Plus Sign,largest-plus-sign,2,21974,9086,0.41348866842632204,False,False
770,Couples Holding Hands,couples-holding-hands,3,16265,7927,0.48736550876114354,False,False
771,Encode N-ary Tree to Binary Tree,encode-n-ary-tree-to-binary-tree,3,938,453,0.48294243070362475,True,False
772,Construct Quad Tree,construct-quad-tree,1,3812,1841,0.4829485834207765,False,False
773,Quad Tree Intersection,quad-tree-intersection,1,3449,1178,0.3415482748622789,False,False
774,Maximum Depth of N-ary Tree,maximum-depth-of-n-ary-tree,1,16932,10351,0.6113276635955587,False,True
775,N-ary Tree Preorder Traversal,n-ary-tree-preorder-traversal,1,13550,8069,0.5954981549815498,False,True
776,N-ary Tree Postorder Traversal,n-ary-tree-postorder-traversal,1,13733,8371,0.6095536299424743,False,True
777,Toeplitz Matrix,toeplitz-matrix,1,59098,34977,0.5918474398456801,False,True
778,Reorganize String,reorganize-string,2,30420,11751,0.3862919132149901,False,False
779,Max Chunks To Make Sorted II,max-chunks-to-make-sorted-ii,3,15751,6885,0.43711510380293317,False,False
780,Max Chunks To Make Sorted,max-chunks-to-make-sorted,2,27059,13253,0.4897815883809453,False,False
781,Basic Calculator IV,basic-calculator-iv,3,2265,999,0.4410596026490066,False,False
782,Jewels and Stones,jewels-and-stones,1,124127,101474,0.8175014299870295,False,True
783,Search in a Binary Search Tree,search-in-a-binary-search-tree,1,18730,11501,0.6140416444207154,False,True
784,Insert into a Binary Search Tree,insert-into-a-binary-search-tree,2,11534,7100,0.6155713542569794,False,True
785,Basic Calculator III,basic-calculator-iii,3,14222,5888,0.4140064688510758,True,False
786,Search in a Sorted Array of Unknown Size,search-in-a-sorted-array-of-unknown-size,2,4569,1804,0.39483475596410594,True,False
787,Sliding Puzzle,sliding-puzzle,3,13200,6185,0.46856060606060607,False,False
788,Minimize Max Distance to Gas Station,minimize-max-distance-to-gas-station,3,13794,4842,0.35102218355806875,True,False
789,Kth Largest Element in a Stream,kth-largest-element-in-a-stream,1,14203,4965,0.34957403365486167,False,False
790,Global and Local Inversions,global-and-local-inversions,2,23482,8311,0.35393067030065584,False,False
791,Split BST,split-bst,2,11455,5730,0.5002182453077259,True,False
792,Binary Search,binary-search,1,29070,10074,0.34654282765737876,False,False
793,Swap Adjacent in LR String,swap-adjacent-in-lr-string,2,20343,6035,0.2966622425404316,False,False
794,Swim in Rising Water,swim-in-rising-water,3,15178,6820,0.44933456318355514,False,False
795,K-th Symbol in Grammar,k-th-symbol-in-grammar,2,19115,7173,0.37525503531258175,False,False
796,Reaching Points,reaching-points,3,17908,4397,0.24553272280545008,False,False
797,Rabbits in Forest,rabbits-in-forest,2,15746,7838,0.4977772132605106,False,False
798,Transform to Chessboard,transform-to-chessboard,3,5406,2041,0.377543470218276,False,False
799,Minimum Distance Between BST Nodes,minimum-distance-between-bst-nodes,1,34574,16735,0.48403424538670675,False,False
800,Letter Case Permutation,letter-case-permutation,1,46112,24613,0.5337656141568355,False,True
801,Is Graph Bipartite?,is-graph-bipartite,2,43370,17247,0.39767120129121514,False,False
802,K-th Smallest Prime Fraction,k-th-smallest-prime-fraction,3,12075,4210,0.3486542443064182,False,False
803,Cheapest Flights Within K Stops,cheapest-flights-within-k-stops,2,47167,14302,0.30322047194012763,False,False
804,Rotated Digits,rotated-digits,1,30337,15404,0.5077627979035502,False,True
805,Escape The Ghosts,escape-the-ghosts,2,12171,6436,0.528797962369567,False,False
806,Domino and Tromino Tiling,domino-and-tromino-tiling,2,14485,4878,0.3367621677597515,False,False
807,Custom Sort String,custom-sort-string,2,28790,17121,0.5946856547412296,False,True
808,Number of Matching Subsequences,number-of-matching-subsequences,2,27212,10304,0.37865647508452155,False,False
809,Preimage Size of Factorial Zeroes Function,preimage-size-of-factorial-zeroes-function,3,9291,3710,0.39931116133893013,False,False
810,Valid Tic-Tac-Toe State,valid-tic-tac-toe-state,2,20150,5608,0.27831265508684866,False,False
811,Number of Subarrays with Bounded Maximum,number-of-subarrays-with-bounded-maximum,2,16864,7009,0.4156190702087287,False,False
812,Rotate String,rotate-string,1,46641,22915,0.49130593254861604,False,False
813,All Paths From Source to Target,all-paths-from-source-to-target,2,19185,12861,0.6703674745895231,False,True
814,Smallest Rotation with Highest Score,smallest-rotation-with-highest-score,3,7540,2719,0.3606100795755968,False,False
815,Champagne Tower,champagne-tower,2,15855,4815,0.30368968779564803,False,False
816,Design HashSet,design-hashset,1,13004,4807,0.3696554906182713,False,False
817,Design HashMap,design-hashmap,1,10784,4673,0.4333271513353116,False,False
818,Similar RGB Color,similar-rgb-color,1,8943,4930,0.5512691490551269,True,False
819,Minimum Swaps To Make Sequences Increasing,minimum-swaps-to-make-sequences-increasing,2,25510,8202,0.32152097216777736,False,False
820,Find Eventual Safe States,find-eventual-safe-states,2,21240,8559,0.40296610169491526,False,False
821,Bricks Falling When Hit,bricks-falling-when-hit,3,15863,3791,0.2389837987770283,False,False
822,Unique Morse Code Words,unique-morse-code-words,1,55770,39978,0.7168370091447015,False,True
823,Split Array With Same Average,split-array-with-same-average,3,23463,5124,0.2183863956015855,False,False
824,Number of Lines To Write String,number-of-lines-to-write-string,1,27583,17075,0.6190407134829424,False,True
825,Max Increase to Keep City Skyline,max-increase-to-keep-city-skyline,2,23940,19088,0.7973266499582289,False,True
826,Soup Servings,soup-servings,2,10410,3560,0.34197886647454373,False,False
827,Expressive Words,expressive-words,2,13873,5309,0.3826857925466734,False,False
828,Chalkboard XOR Game,chalkboard-xor-game,3,4120,1667,0.4046116504854369,False,False
829,Subdomain Visit Count,subdomain-visit-count,1,29266,17889,0.6112553816715642,False,True
830,Largest Triangle Area,largest-triangle-area,1,16436,8807,0.5358359698223412,False,True
831,Largest Sum of Averages,largest-sum-of-averages,2,17306,7253,0.4191032012018953,False,False
832,Binary Tree Pruning,binary-tree-pruning,2,23296,15908,0.682864010989011,False,False
833,Bus Routes,bus-routes,3,21477,7362,0.3427853052102249,False,False
834,Ambiguous Coordinates,ambiguous-coordinates,2,9993,4242,0.4244971480036025,False,False
835,Linked List Components,linked-list-components,2,22452,11528,0.5134509175129165,False,False
836,Race Car,race-car,3,14733,4342,0.2947125500576936,False,False
837,Most Common Word,most-common-word,1,46038,21138,0.4591424475433338,False,True
838,Design Linked List,design-linked-list,1,39704,6716,0.1691517227483377,False,False
839,Short Encoding of Words,short-encoding-of-words,2,11040,4835,0.4379528985507246,False,False
841,Shortest Distance to a Character,shortest-distance-to-a-character,1,30646,18545,0.6051360699601905,False,True
842,Card Flipping Game,card-flipping-game,2,10039,3784,0.3769299731048909,False,False
843,Binary Trees With Factors,binary-trees-with-factors,2,13600,4114,0.3025,False,False
850,Insert into a Cyclic Sorted List,insert-into-a-cyclic-sorted-list,2,14013,3057,0.21815457075572683,True,False
851,Goat Latin,goat-latin,1,29237,16025,0.5481068509080959,False,True
852,Friends Of Appropriate Ages,friends-of-appropriate-ages,2,24809,7927,0.31952114152122213,False,False
853,Most Profit Assigning Work,most-profit-assigning-work,2,16527,5452,0.329884431536274,False,False
854,Making A Large Island,making-a-large-island,3,11286,4558,0.40386319333687754,False,False
855,Unique Letter String,unique-letter-string,3,7896,2767,0.3504305977710233,False,False
856,Consecutive Numbers Sum,consecutive-numbers-sum,2,16755,4671,0.27878245299910476,False,False
857,Positions of Large Groups,positions-of-large-groups,1,28638,13235,0.4621481947063342,False,False
858,Masking Personal Information,masking-personal-information,2,10278,4342,0.42245573068690406,False,False
859,Design Circular Deque,design-circular-deque,2,3696,1829,0.49485930735930733,False,False
860,Design Circular Queue,design-circular-queue,2,16561,6017,0.36332347080490307,False,False
861,Flipping an Image,flipping-an-image,1,54244,37359,0.6887213332350122,False,True
862,Find And Replace in String,find-and-replace-in-string,2,14801,5915,0.39963515978650094,False,False
863,Sum of Distances in Tree,sum-of-distances-in-tree,3,10089,3426,0.3395777579542075,False,False
864,Image Overlap,image-overlap,2,11844,5160,0.43566362715298884,False,False
865,Robot Room Cleaner,robot-room-cleaner,3,9115,4444,0.4875479978058146,True,False
866,Rectangle Overlap,rectangle-overlap,1,22003,9610,0.436758623824024,False,False
867,New 21 Game,new-21-game,2,11974,3123,0.2608150993819943,False,False
868,Push Dominoes,push-dominoes,2,15134,6284,0.41522399894277784,False,False
869,Similar String Groups,similar-string-groups,3,12661,4259,0.3363873311744728,False,False
870,Magic Squares In Grid,magic-squares-in-grid,1,19702,6783,0.3442797685514161,False,False
871,Keys and Rooms,keys-and-rooms,2,24528,13965,0.5693493150684932,False,False
872,Split Array into Fibonacci Sequence,split-array-into-fibonacci-sequence,2,15003,5076,0.33833233353329334,False,False
873,Guess the Word,guess-the-word,3,12336,4425,0.35870622568093385,False,False
874,Backspace String Compare,backspace-string-compare,1,38377,16815,0.4381530604268181,False,False
875,Longest Mountain in Array,longest-mountain-in-array,2,24504,7765,0.3168870388507999,False,False
876,Hand of Straights,hand-of-straights,2,17089,7634,0.4467201123529756,False,False
877,Shortest Path Visiting All Nodes,shortest-path-visiting-all-nodes,3,8144,3502,0.4300098231827112,False,False
878,Shifting Letters,shifting-letters,2,18025,6529,0.36221914008321776,False,False
879,Maximize Distance to Closest Person,maximize-distance-to-closest-person,1,29541,11215,0.37964185369486475,False,False
880,Rectangle Area II,rectangle-area-ii,3,5302,2229,0.42040739343643907,False,False
881,Loud and Rich,loud-and-rich,2,10001,4454,0.4453554644535546,False,False
882,Peak Index in a Mountain Array,peak-index-in-a-mountain-array,1,39929,26857,0.6726188985449172,False,True
883,Car Fleet,car-fleet,2,17068,5613,0.3288610264823061,False,False
884,K-Similar Strings,k-similar-strings,3,11370,3482,0.30624450307827616,False,False
885,Exam Room,exam-room,2,12916,3950,0.3058222359863735,False,False
886,Score of Parentheses,score-of-parentheses,2,15294,8196,0.5358964299725383,False,False
887,Minimum Cost to Hire K Workers,minimum-cost-to-hire-k-workers,3,8943,3709,0.4147377837414738,False,False
888,Mirror Reflection,mirror-reflection,2,7000,3480,0.49714285714285716,False,False
889,Buddy Strings,buddy-strings,1,40080,10664,0.26606786427145707,False,True
890,Lemonade Change,lemonade-change,1,22775,11290,0.49571899012074644,False,True
891,Score After Flipping Matrix,score-after-flipping-matrix,2,8428,5662,0.6718082581869957,False,False
892,Shortest Subarray with Sum at Least K,shortest-subarray-with-sum-at-least-k,3,22198,4118,0.1855122083070547,False,False
893,All Nodes Distance K in Binary Tree,all-nodes-distance-k-in-binary-tree,2,18078,7531,0.41658369288638125,False,False
894,Random Pick with Blacklist,random-pick-with-blacklist,3,7480,2209,0.2953208556149733,False,False
895,Shortest Path to Get All Keys,shortest-path-to-get-all-keys,3,6898,2249,0.32603653232821106,False,False
896,Smallest Subtree with all the Deepest Nodes,smallest-subtree-with-all-the-deepest-nodes,2,14949,7731,0.5171583383503914,False,False
897,Prime Palindrome,prime-palindrome,2,19255,3536,0.18364061282783692,False,False
898,Transpose Matrix,transpose-matrix,1,29218,18925,0.6477171606543911,False,True
899,Binary Gap,binary-gap,1,17384,10312,0.5931891394385642,False,True
900,Reordered Power of 2,reordered-power-of-2,2,10845,5182,0.4778238819732596,False,False
901,Advantage Shuffle,advantage-shuffle,2,13481,5350,0.39685483272754246,False,False
902,Minimum Number of Refueling Stops,minimum-number-of-refueling-stops,3,13860,3599,0.25966810966810966,False,False
903,Implement Rand10() Using Rand7(),implement-rand10-using-rand7,2,6771,2944,0.4347954511888938,False,False
904,Leaf-Similar Trees,leaf-similar-trees,1,25682,15684,0.6107001012382213,False,True
905,Length of Longest Fibonacci Subsequence,length-of-longest-fibonacci-subsequence,2,13587,5664,0.41686906601898877,False,False
906,Walking Robot Simulation,walking-robot-simulation,1,15044,4247,0.2823052379686254,False,False
907,Koko Eating Bananas,koko-eating-bananas,2,12743,5277,0.414109707290277,False,False
908,Middle of the Linked List,middle-of-the-linked-list,1,28634,18249,0.6373192707969547,False,True
909,Stone Game,stone-game,2,14453,8168,0.565142185013492,False,False
910,Nth Magical Number,nth-magical-number,3,12813,2941,0.22953250604854444,False,False
911,Profitable Schemes,profitable-schemes,3,7087,2248,0.3172005079723437,False,False
912,Random Pick with Weight,random-pick-with-weight,2,7495,3140,0.418945963975984,False,False
913,Random Flip Matrix,random-flip-matrix,2,4057,1320,0.32536356913975845,False,False
914,Random Point in Non-overlapping Rectangles,random-point-in-non-overlapping-rectangles,2,4006,1356,0.3384922616075886,False,False
915,Generate Random Point in a Circle,generate-random-point-in-a-circle,2,4829,1589,0.32905363429281426,False,False
916,Decoded String at Index,decoded-string-at-index,2,15310,3382,0.2209013716525147,False,False
917,Boats to Save People,boats-to-save-people,2,15222,5979,0.39278675601103663,False,False
918,Reachable Nodes In Subdivided Graph,reachable-nodes-in-subdivided-graph,3,4921,1662,0.3377362324730746,False,False
919,Projection Area of 3D Shapes,projection-area-of-3d-shapes,1,11705,7635,0.6522853481418197,False,True
920,Uncommon Words from Two Sentences,uncommon-words-from-two-sentences,1,16440,9867,0.6001824817518249,False,True
921,Spiral Matrix III,spiral-matrix-iii,2,5944,3694,0.6214670255720054,False,False
922,Possible Bipartition,possible-bipartition,2,13993,5337,0.3814049882083899,False,False
923,Super Egg Drop,super-egg-drop,3,10126,2235,0.220718941339127,False,False
924,Fair Candy Swap,fair-candy-swap,1,15094,8220,0.5445872532131973,False,True
925,Construct Binary Tree from Preorder and Postorder Traversal,construct-binary-tree-from-preorder-and-postorder-traversal,2,8669,4751,0.5480447571807591,False,False
926,Find and Replace Pattern,find-and-replace-pattern,2,10440,7237,0.6931992337164751,False,False
927,Sum of Subsequence Widths,sum-of-subsequence-widths,3,9356,2317,0.2476485677640017,False,False
928,Surface Area of 3D Shapes,surface-area-of-3d-shapes,1,7709,4223,0.5478012712414061,False,False
929,Groups of Special-Equivalent Strings,groups-of-special-equivalent-strings,1,7994,4833,0.604578433825369,False,False
930,All Possible Full Binary Trees,all-possible-full-binary-trees,2,7151,4647,0.6498391833310027,False,False
931,Maximum Frequency Stack,maximum-frequency-stack,3,6470,3134,0.4843894899536321,False,False
932,Monotonic Array,monotonic-array,1,16772,9308,0.5549725733365133,False,False
933,Increasing Order Search Tree,increasing-order-search-tree,1,10989,6252,0.5689325689325689,False,False
934,Bitwise ORs of Subarrays,bitwise-ors-of-subarrays,2,11028,3199,0.2900797968806674,False,False
935,Orderly Queue,orderly-queue,3,4730,2010,0.4249471458773784,False,False
936,RLE Iterator,rle-iterator,2,8857,3565,0.4025064920401942,False,False
937,Online Stock Span,online-stock-span,2,8560,3408,0.3981308411214953,False,False
938,Numbers At Most N Given Digit Set,numbers-at-most-n-given-digit-set,3,7914,1951,0.24652514531210512,False,False
939,Valid Permutations for DI Sequence,valid-permutations-for-di-sequence,3,2617,1001,0.38249904470768054,False,False
940,Fruit Into Baskets,fruit-into-baskets,2,9370,3344,0.3568836712913554,False,False
941,Sort Array By Parity,sort-array-by-parity,1,9209,6877,0.7467694646541427,False,False
942,Super Palindromes,super-palindromes,3,3584,956,0.26674107142857145,False,False
943,Sum of Subarray Minimums,sum-of-subarray-minimums,2,10445,1899,0.18180947821924365,False,False
